{
	"class_name" : "PinholeCameraParameters",
	"extrinsic" : 
	[
		0.53597506562356501,
		-0.37355902772054805,
		0.7570894146917484,
		0.0,
		-0.73080233785460291,
		0.24369202358192921,
		0.63760657197741566,
		0.0,
		-0.42268034259480558,
		-0.89502393847931427,
		-0.1423849624536051,
		0.0,
		637083.13791216153,
		-383298.78104046185,
		111306.62683679165,
		1.0
	],
	"intrinsic" : 
	{
		"height" : 1055,
		"intrinsic_matrix" : 
		[
			527.50000000000011,
			0.0,
			0.0,
			0.0,
			527.50000000000011,
			0.0,
			959.5,
			527.0,
			1.0
		],
		"width" : 1920
	},
	"version_major" : 1,
	"version_minor" : 0
}